artifact	path	size	sha256	kind	arch	bucket	strategy	file_type
portmaster.7z	PortMaster/funcs.txt	4801	2ad062dc49afaf09f689ab1db39b77e7faef0336752a8bc3233ae10bb623f3ee	script	script	upstream-portmaster-payload	already-from-upstream-portmaster	POSIX shell script text executable, ASCII text
portmaster.7z	PortMaster/gptokeyb	100936	35b3b87cb3b5e20f35c9ebd52bda2e1dd0cbd9476c2ce40c0f2dbc4c20c81cdc	elf-executable	aarch64	upstream-portmaster-payload	already-from-upstream-portmaster	ELF 64-bit LSB pie executable, ARM aarch64, version 1 (SYSV), dynamically linked, interpreter /lib/ld-linux-aarch64.so.1, BuildID[sha1]=2adfd1dc7a218b5249d0b7c89eaa0976cfb36147, for GNU/Linux 3.7.0, stripped
portmaster.7z	PortMaster/gptokeyb.armhf	83704	fbd0c233232a7c756c857bf3057b72e240235e5745240dbb9fb5068ff678036d	elf-executable	armhf	upstream-portmaster-payload	already-from-upstream-portmaster	ELF 32-bit LSB executable, ARM, EABI5 version 1 (SYSV), dynamically linked, interpreter /lib/ld-linux-armhf.so.3, BuildID[sha1]=a05417ddbd0c6ea03503f825611f10a31db30f85, for GNU/Linux 3.2.0, stripped
portmaster.7z	PortMaster/gptokeyb.x86_64	92392	2adc594c028f3251c686bbafad6e55ab234409656d185aa4142b787eabf9d56b	elf-executable	x86_64	upstream-portmaster-payload	already-from-upstream-portmaster	ELF 64-bit LSB pie executable, x86-64, version 1 (SYSV), dynamically linked, interpreter /lib64/ld-linux-x86-64.so.2, BuildID[sha1]=fc1fc57e4d98b337dfa7117e84af609d3ac432c4, for GNU/Linux 3.2.0, stripped
portmaster.7z	PortMaster/gptokeyb2	93392	102dcb504948494b0fe622e23bdd2d400aae651e272c61bffd96b1c2248fc88c	elf-executable	aarch64	upstream-portmaster-payload	already-from-upstream-portmaster	ELF 64-bit LSB pie executable, ARM aarch64, version 1 (SYSV), dynamically linked, interpreter /lib/ld-linux-aarch64.so.1, BuildID[sha1]=d45ce247b9af471adf950fa4daacad5cbfaccaa4, for GNU/Linux 3.7.0, stripped
portmaster.7z	PortMaster/gptokeyb2.armhf	79756	25ba3cd5bc376f04624fbf8f2df1739767c0546d1f8d80ff604a9b23c7a799c4	elf-executable	armhf	upstream-portmaster-payload	already-from-upstream-portmaster	ELF 32-bit LSB executable, ARM, EABI5 version 1 (SYSV), dynamically linked, interpreter /lib/ld-linux-armhf.so.3, for GNU/Linux 3.2.0, BuildID[sha1]=4d2f4e930f0005768e7e406c3e608cab839f31ca, stripped
portmaster.7z	PortMaster/gptokeyb2.x86_64	105320	77b4a56d1d66e934c9f53463a16b297be4362da26788578b375b014e1111d945	elf-executable	x86_64	upstream-portmaster-payload	already-from-upstream-portmaster	ELF 64-bit LSB pie executable, x86-64, version 1 (SYSV), dynamically linked, interpreter /lib64/ld-linux-x86-64.so.2, for GNU/Linux 3.2.0, BuildID[sha1]=49139ec458b83986bad906ef62537fd12f66838d, not stripped
portmaster.7z	PortMaster/libinterpose.aarch64.so	68240	9cbf0d9fece341fde420429105b0c64b5465813b5226146b6b626d7cebb2abc4	elf-shared	aarch64	upstream-portmaster-payload	already-from-upstream-portmaster	ELF 64-bit LSB shared object, ARM aarch64, version 1 (SYSV), dynamically linked, BuildID[sha1]=2a02b331422e96486b99727b2c8bdad3391aef0c, stripped
portmaster.7z	PortMaster/libinterpose.armhf.so	9844	0ef1b95cd698ebc937bfbe028c837b69f279fd65212f90ea9a1419a74c2a8428	elf-shared	armhf	upstream-portmaster-payload	already-from-upstream-portmaster	ELF 32-bit LSB shared object, ARM, EABI5 version 1 (SYSV), dynamically linked, BuildID[sha1]=cb6469bfc1ebcd9d173ac4aed5dcc2439ef9dd6f, stripped
portmaster.7z	PortMaster/libinterpose.x86_64.so	17256	c10e612e65cb06d0e99bbea9108554b44e525426f04b13b713696317da8aab84	elf-shared	x86_64	upstream-portmaster-payload	already-from-upstream-portmaster	ELF 64-bit LSB shared object, x86-64, version 1 (SYSV), dynamically linked, BuildID[sha1]=9c76b4939691060eae52dd79c8211069a701db9b, not stripped
portmaster.7z	PortMaster/muos/image_smash.txt	1395	7d3cafe2c3181834a03b1ac5ea63fbb9af15a72b3fb3b2a1854a6735fe618cea	script	script	upstream-portmaster-payload	already-from-upstream-portmaster	POSIX shell script text executable, ASCII text
portmaster.7z	PortMaster/oga_controls	55560	fd127c333d86c567f62a6b482f33313724cf5f45711311fdba8d75afc97aa3f0	elf-executable	aarch64	upstream-portmaster-payload	already-from-upstream-portmaster	ELF 64-bit LSB pie executable, ARM aarch64, version 1 (SYSV), dynamically linked, interpreter /lib/ld-linux-aarch64.so.1, for GNU/Linux 3.7.0, BuildID[sha1]=25dab14f4e626874c9b1400bb375648234728f55, stripped
portmaster.7z	PortMaster/retrodeck/liblzo2.so.2	128888	b314f7eabdd5d8adcf0498d5908f1454c5bbf5d719b3f67ba2bdc032fdb93773	elf-shared	x86_64	upstream-portmaster-payload	already-from-upstream-portmaster	ELF 64-bit LSB shared object, x86-64, version 1 (SYSV), dynamically linked, BuildID[sha1]=b7a0c86dbdff5bdcf78c7147324e5f68f6894836, stripped
portmaster.7z	PortMaster/retrodeck/unsquashfs	147064	c65cbf300dae1e72d2166530309810ce188c04669c9c05b05daafdf3c8716de6	elf-executable	x86_64	upstream-portmaster-payload	already-from-upstream-portmaster	ELF 64-bit LSB pie executable, x86-64, version 1 (SYSV), dynamically linked, interpreter /lib64/ld-linux-x86-64.so.2, BuildID[sha1]=7799467211c7694ee367f877bd31f527c6b66f2e, for GNU/Linux 4.4.0, stripped
portmaster.7z	PortMaster/runtimes/love_11.5/libs.aarch64/liblove-11.5.so	4143824	a50c83729cb0e1c4d8389eaaa827f0a6e7f3362814d0504ca84074dd0e47c379	elf-shared	aarch64	upstream-portmaster-payload	already-from-upstream-portmaster	ELF 64-bit LSB shared object, ARM aarch64, version 1 (SYSV), dynamically linked, BuildID[sha1]=41ee4ce780fa868984f71e5c266d0321adc23ff8, stripped
portmaster.7z	PortMaster/runtimes/love_11.5/libs.aarch64/libluajit-5.1.so.2	428704	b4b29431056a11fb2309d1327ac941193ad8113ca7bf48584af9965846fabc65	elf-shared	aarch64	upstream-portmaster-payload	already-from-upstream-portmaster	ELF 64-bit LSB shared object, ARM aarch64, version 1 (SYSV), dynamically linked, BuildID[sha1]=96756df8a2488a42093ef69fd3dadd0227333844, stripped
portmaster.7z	PortMaster/runtimes/love_11.5/libs.aarch64/libmodplug.so.1	256496	026b2287c9d68f920cf541b68b94f1a691168e4bbf301a8793f4114808aa8f95	elf-shared	aarch64	upstream-portmaster-payload	already-from-upstream-portmaster	ELF 64-bit LSB shared object, ARM aarch64, version 1 (SYSV), dynamically linked, BuildID[sha1]=168bcd6f3985d68d8c66e0242bd4a7b748b61879, stripped
portmaster.7z	PortMaster/runtimes/love_11.5/libs.aarch64/libogg.so.0	38648	66015f344b53895affd3ff153f402097ebaa2add33246bea2d7fca27b682e07a	elf-shared	aarch64	upstream-portmaster-payload	already-from-upstream-portmaster	ELF 64-bit LSB shared object, ARM aarch64, version 1 (SYSV), dynamically linked, BuildID[sha1]=11456d62157837e62e9575390ed6da46164c3339, stripped
portmaster.7z	PortMaster/runtimes/love_11.5/libs.x86_64/liblove-11.5.so	4494256	f1a42f522fc5ddbb331f5cb1ed43f088c633043fd4948764a4846da429a82b7b	elf-shared	x86_64	upstream-portmaster-payload	already-from-upstream-portmaster	ELF 64-bit LSB shared object, x86-64, version 1 (GNU/Linux), dynamically linked, BuildID[sha1]=c91ea732cbc3ebf770f69bccc7b1df7bf4257acc, stripped
portmaster.7z	PortMaster/runtimes/love_11.5/libs.x86_64/libluajit-5.1.so.2	539424	4152e075dcc7367d6e40d53d12e1efe27afbbe4b9b38b25625a4ed7597b428ea	elf-shared	x86_64	upstream-portmaster-payload	already-from-upstream-portmaster	ELF 64-bit LSB shared object, x86-64, version 1 (SYSV), dynamically linked, BuildID[sha1]=3a0a5e2530d0e073c6d7384cb7a1f3f505a407cf, stripped
portmaster.7z	PortMaster/runtimes/love_11.5/love.aarch64	10168	c6c64453ed6163c8aeb14d303bad1e4d9ecc4d628097b3c6420ada2fa6a8690f	elf-executable	aarch64	upstream-portmaster-payload	already-from-upstream-portmaster	ELF 64-bit LSB pie executable, ARM aarch64, version 1 (SYSV), dynamically linked, interpreter /lib/ld-linux-aarch64.so.1, for GNU/Linux 3.7.0, BuildID[sha1]=e003c7ea7946fa15977624844b2b29e57b390352, stripped
portmaster.7z	PortMaster/runtimes/love_11.5/love.x86_64	14472	7b6d63c8ac313cbf976c4fdfe4e6a55d4503ad646cf708fcb52a4008e027e073	elf-executable	x86_64	upstream-portmaster-payload	already-from-upstream-portmaster	ELF 64-bit LSB pie executable, x86-64, version 1 (SYSV), dynamically linked, interpreter /lib64/ld-linux-x86-64.so.2, BuildID[sha1]=1d175dd4623831aa9300aa130e870cc943b1cbed, for GNU/Linux 3.2.0, stripped
portmaster.7z	PortMaster/sdl2imgshow.aarch64	35416	a6766e8758db7dd21ee0bf0bc26e988fb83fa9d16a77e7833f30165a18844225	elf-executable	aarch64	upstream-portmaster-payload	already-from-upstream-portmaster	ELF 64-bit LSB pie executable, ARM aarch64, version 1 (SYSV), dynamically linked, interpreter /lib/ld-linux-aarch64.so.1, BuildID[sha1]=393925166b9a3adcc088943cffdec75bd8a4c4dd, for GNU/Linux 3.7.0, stripped
portmaster.7z	PortMaster/sdl2imgshow.armhf	30436	ffcbeead418da759d7272a59dd52d61965ae314530ac59bae1bf9906fbbeef09	elf-executable	armhf	upstream-portmaster-payload	already-from-upstream-portmaster	ELF 32-bit LSB executable, ARM, EABI5 version 1 (SYSV), dynamically linked, interpreter /lib/ld-linux-armhf.so.3, BuildID[sha1]=515f3c5dbce533053a8e9445fc4e48b788108137, for GNU/Linux 3.2.0, stripped
portmaster.7z	PortMaster/sdl2imgshow.x86_64	46040	045e82c4113cbe3e88da943e6904ae2572d7e55b93aef0533d335c3ea14b7797	elf-executable	x86_64	upstream-portmaster-payload	already-from-upstream-portmaster	ELF 64-bit LSB pie executable, x86-64, version 1 (SYSV), dynamically linked, interpreter /lib64/ld-linux-x86-64.so.2, BuildID[sha1]=72f8b6e5b4f07729cb6344513b5c12e042de89ab, for GNU/Linux 3.2.0, not stripped
portmaster.7z	PortMaster/sdl_resolution.aarch64	6208	8a76616f7d7b66801be4c1c604b3c6f7e769f4e04b2191a0dd1cf8231bf3d11c	elf-executable	aarch64	upstream-portmaster-payload	already-from-upstream-portmaster	ELF 64-bit LSB pie executable, ARM aarch64, version 1 (SYSV), dynamically linked, interpreter /lib/ld-linux-aarch64.so.1, BuildID[sha1]=840231b0f8c9c62bd656b4e129a8bafce477272a, for GNU/Linux 3.7.0, stripped
portmaster.7z	PortMaster/sdl_resolution.armhf	5572	b7f867ab2661d4589afb75d83fbddaa4bed3c8526dc31e64471e3d566a62d47b	elf-executable	armhf	upstream-portmaster-payload	already-from-upstream-portmaster	ELF 32-bit LSB executable, ARM, EABI5 version 1 (SYSV), dynamically linked, interpreter /lib/ld-linux-armhf.so.3, BuildID[sha1]=2a01ddb261f4c071180cb9aaddb7fece85902e53, for GNU/Linux 3.2.0, stripped
portmaster.7z	PortMaster/sdl_resolution.x86_64	14472	33d0a585a6c4b68ecae9b2879b755c91ba5520646cff224ba1116300dc27103a	elf-executable	x86_64	upstream-portmaster-payload	already-from-upstream-portmaster	ELF 64-bit LSB pie executable, x86-64, version 1 (SYSV), dynamically linked, interpreter /lib64/ld-linux-x86-64.so.2, BuildID[sha1]=a0fd518fae31060fa1d585d5460fb51802c9abb1, for GNU/Linux 3.2.0, stripped
portmaster.7z	PortMaster/trimui/PortMaster.txt	3549	aa8652f0ffb375d9d5ccd1179ef10b84bf4e32a113b46ff21e1123720cca34bb	script	script	upstream-portmaster-payload	already-from-upstream-portmaster	POSIX shell script text executable, ASCII text
portmaster.7z	PortMaster/trimui/image_smash.txt	919	962360d9f6a32f14b1f8e8217761e598ef9d79c30671e443797bba9097e144cf	script	script	upstream-portmaster-payload	already-from-upstream-portmaster	POSIX shell script text executable, ASCII text, with very long lines (397)
portmaster.7z	PortMaster/xdelta3	269056	74a6cb55ed600b2315d37c8273d7aae4041915bddfad47a6a834387f50283148	elf-executable	aarch64	upstream-portmaster-payload	already-from-upstream-portmaster	ELF 64-bit LSB pie executable, ARM aarch64, version 1 (SYSV), dynamically linked, interpreter /lib/ld-linux-aarch64.so.1, BuildID[sha1]=83d0d52e7d942d18c42ba77e9cd74fe06f236a19, for GNU/Linux 3.7.0, stripped
portmaster.7z	PortMaster/xdelta3.armhf	259920	09aaaa41ef869bb3e387f19778b4db64ee026d628d42a21b5a0823042316ad74	elf-executable	armhf	upstream-portmaster-payload	already-from-upstream-portmaster	ELF 32-bit LSB executable, ARM, EABI5 version 1 (SYSV), dynamically linked, interpreter /lib/ld-linux-armhf.so.3, BuildID[sha1]=7bfdd135e44423be3565e6b080177aba512cc34f, for GNU/Linux 3.2.0, stripped
portmaster.7z	PortMaster/xdelta3.x86_64	334776	15d7f430d0e59cfcefcfd80773afd89cd000aac8ce16527286e2055555ac72e6	elf-executable	x86_64	upstream-portmaster-payload	already-from-upstream-portmaster	ELF 64-bit LSB pie executable, x86-64, version 1 (SYSV), dynamically linked, interpreter /lib64/ld-linux-x86-64.so.2, BuildID[sha1]=ed288f38cd4e3c2bc26bb358b195e1b3e14bb359, for GNU/Linux 3.2.0, stripped
portmaster.7z	bin/2to3	0	e3b0c44298fc1c149afbf4c8996fb92427ae41e4649b934ca495991b7852b855	placeholder	placeholder	ui-python-runtime	review	empty
portmaster.7z	bin/2to3-3.10	158	5088c7513233cec22bc39828b04f71f6556ea7df2c861c3590f9530aff9431a4	script	script	ui-python-runtime	review	POSIX shell script text executable, ASCII text
portmaster.7z	bin/idle3	0	e3b0c44298fc1c149afbf4c8996fb92427ae41e4649b934ca495991b7852b855	placeholder	placeholder	ui-python-runtime	review	empty
portmaster.7z	bin/idle3.10	156	1d75f0638c408ad692e1b358bf6bde51f7ecab4e6a6994c0acdbd30b0bca8a30	script	script	ui-python-runtime	review	POSIX shell script text executable, ASCII text
portmaster.7z	bin/pip	286	11b0067ee4b10d49305451b127fed02a17f2c008f6e6a3c6f9303aa8556f5583	script	script	ui-python-runtime	review	POSIX shell script text executable, ASCII text
portmaster.7z	bin/pip3	286	11b0067ee4b10d49305451b127fed02a17f2c008f6e6a3c6f9303aa8556f5583	script	script	ui-python-runtime	review	POSIX shell script text executable, ASCII text
portmaster.7z	bin/pip3.10	286	11b0067ee4b10d49305451b127fed02a17f2c008f6e6a3c6f9303aa8556f5583	script	script	ui-python-runtime	review	POSIX shell script text executable, ASCII text
portmaster.7z	bin/pydoc3	0	e3b0c44298fc1c149afbf4c8996fb92427ae41e4649b934ca495991b7852b855	placeholder	placeholder	ui-python-runtime	review	empty
portmaster.7z	bin/pydoc3.10	141	663605f4f815ce5ff36f4169017e4dc052f7463ec42bdbcb7f13ddb2d4fe7848	script	script	ui-python-runtime	review	POSIX shell script text executable, ASCII text
portmaster.7z	bin/python	0	e3b0c44298fc1c149afbf4c8996fb92427ae41e4649b934ca495991b7852b855	placeholder	placeholder	ui-python-runtime	build-cpython-runtime	empty
portmaster.7z	bin/python3	68120	a54a809648d8986a54c1a6e23f7b51760bbe10dec0f21e0a32453a95ffcab270	elf-executable	aarch64	ui-python-runtime	build-cpython-runtime	ELF 64-bit LSB pie executable, ARM aarch64, version 1 (SYSV), dynamically linked, interpreter /lib/ld-linux-aarch64.so.1, for GNU/Linux 3.7.0, BuildID[sha1]=ba0c15f269b089b6a30321e8073df8b5354bab18, stripped
portmaster.7z	bin/python3-config	0	e3b0c44298fc1c149afbf4c8996fb92427ae41e4649b934ca495991b7852b855	placeholder	placeholder	ui-python-runtime	build-cpython-runtime	empty
portmaster.7z	bin/python3.10	68120	a54a809648d8986a54c1a6e23f7b51760bbe10dec0f21e0a32453a95ffcab270	elf-executable	aarch64	ui-python-runtime	build-cpython-runtime	ELF 64-bit LSB pie executable, ARM aarch64, version 1 (SYSV), dynamically linked, interpreter /lib/ld-linux-aarch64.so.1, for GNU/Linux 3.7.0, BuildID[sha1]=ba0c15f269b089b6a30321e8073df8b5354bab18, stripped
portmaster.7z	bin/python3.10-config	3094	eae5e30afc07efc62dc1ef7cbe3bd11cbdba737a565e2c4664dcdc13c1200d87	script	script	ui-python-runtime	build-cpython-runtime	POSIX shell script text executable, ASCII text
portmaster.7z	lib/libSDL2-2.0.so	2387072	e54f830c6259ee5146a5b719ee4ea00d234c3f91b2791c1643e1e2f3de1d63dd	elf-shared	aarch64	ui-python-runtime	review	ELF 64-bit LSB shared object, ARM aarch64, version 1 (SYSV), dynamically linked, BuildID[sha1]=19b8b3ec3b995cbd7d4accde673fb889e29acf06, stripped
portmaster.7z	lib/libSDL2_gfx-1.0.so	201552	b7f6000e8f985b9f71a8432a6189ec618e4860406dc33934ce47ee6c23352d72	elf-shared	aarch64	ui-python-runtime	review	ELF 64-bit LSB shared object, ARM aarch64, version 1 (SYSV), dynamically linked, BuildID[sha1]=4732b3f2aa1dcf854dcac9734f6d365a76b153f9, stripped
portmaster.7z	lib/libSDL2_image-2.0.so	330376	ac2464343c958d08f86377f06f83e04839ceb7b202e728e6c7b452f8c781bd43	elf-shared	aarch64	ui-python-runtime	review	ELF 64-bit LSB shared object, ARM aarch64, version 1 (SYSV), dynamically linked, BuildID[sha1]=9f3b45edb562296ff9a314489f671d72820a4995, stripped
portmaster.7z	lib/libSDL2_mixer-2.0.so	464312	def4985c80882d2694853530a951561380fb2403f4649964ad8431320d8bf802	elf-shared	aarch64	ui-python-runtime	review	ELF 64-bit LSB shared object, ARM aarch64, version 1 (SYSV), dynamically linked, BuildID[sha1]=e571dabcf5b7a55b29650eb067fd281f452f91b1, stripped
portmaster.7z	lib/libSDL2_ttf-2.0.so	2171992	ae4b3335010ed8642382c8d850102dfeff2ff6321e2d02d2c62615c52c3d2ec0	elf-shared	aarch64	ui-python-runtime	review	ELF 64-bit LSB shared object, ARM aarch64, version 1 (SYSV), dynamically linked, BuildID[sha1]=a36b87d0c805e623e6fc5daf7ce4935bbb466924, stripped
portmaster.7z	lib/libavif.so.16	264992	af7dd704f1d562b382c64c0cdeed4621a525452c7fd0716f1b0771a02426e9b0	elf-shared	aarch64	ui-python-runtime	review	ELF 64-bit LSB shared object, ARM aarch64, version 1 (SYSV), dynamically linked, BuildID[sha1]=e3a2f169b44593e0f26a03e4e3737dbf4226585b, stripped
portmaster.7z	lib/libdav1d.so.6	922920	95bd972df4ece2f141b84963283a40171d71d72be5224de1018c62d463d4e5fe	elf-shared	aarch64	ui-python-runtime	review	ELF 64-bit LSB shared object, ARM aarch64, version 1 (SYSV), dynamically linked, BuildID[sha1]=5e07c3db5adfac88d8c48b94935eea98e159161f, stripped
portmaster.7z	lib/libgme.so.0	395536	cc471ee979d98dc185be87801b7eaff24dc19a02cb6312b575ac5df59df6a47c	elf-shared	aarch64	ui-python-runtime	review	ELF 64-bit LSB shared object, ARM aarch64, version 1 (SYSV), dynamically linked, BuildID[sha1]=de483bb3dd4010c6e73bf8589e2f8db2261c4087, stripped
portmaster.7z	lib/libogg.so.0	198936	6c333116f097d9c612276b897e1f99516c3234c6a3e00b88b5860fd94d2e56a0	elf-shared	aarch64	ui-python-runtime	review	ELF 64-bit LSB shared object, ARM aarch64, version 1 (SYSV), dynamically linked, BuildID[sha1]=ae59fe4abf4eb99f039740732f7002842c9a6037, stripped
portmaster.7z	lib/libopus.so.0	592296	cf93ef3ebdc9a34c99e86d3b7192bf05631753e057e8a0d90021d38718abd722	elf-shared	aarch64	ui-python-runtime	review	ELF 64-bit LSB shared object, ARM aarch64, version 1 (SYSV), dynamically linked, BuildID[sha1]=b6da0fa01b1cf412db51bae70be5f70a2a738088, stripped
portmaster.7z	lib/libopusfile.so.0	199136	ff7e778b7581ecf8756d0fdd71091eb17322c1ec14c54377fb22c7342cfff0b4	elf-shared	aarch64	ui-python-runtime	review	ELF 64-bit LSB shared object, ARM aarch64, version 1 (SYSV), dynamically linked, BuildID[sha1]=8cd040503639ce0a7beec716bf71c5fb2773a3bb, stripped
portmaster.7z	lib/libpython3.10.so	0	e3b0c44298fc1c149afbf4c8996fb92427ae41e4649b934ca495991b7852b855	placeholder	placeholder	ui-python-runtime	build-cpython-runtime	empty
portmaster.7z	lib/libpython3.10.so.1.0	19872560	e80ccec995cae257440b8133054484378a376291dbc7a5eaa40121e1a1888f92	elf-shared	aarch64	ui-python-runtime	build-cpython-runtime	ELF 64-bit LSB shared object, ARM aarch64, version 1 (SYSV), dynamically linked, BuildID[sha1]=5f81506c2a1129c859d9362cb7cc4ec61353fd2f, stripped
portmaster.7z	lib/libpython3.so	68104	5c251c303e4468acfb664ec335ae83def9a59bc8c0c15f6a183a7de192eb466a	elf-shared	aarch64	ui-python-runtime	build-cpython-runtime	ELF 64-bit LSB shared object, ARM aarch64, version 1 (SYSV), dynamically linked, BuildID[sha1]=f16875773fa5132e80d8d48a841370718c2373c1, stripped
portmaster.7z	lib/libtiff.so.5	595168	610e6b05df7fa00d6f4a7f6c466feb2f76d1cd21ee0871ff5335bba2a374eca0	elf-shared	aarch64	ui-python-runtime	review	ELF 64-bit LSB shared object, ARM aarch64, version 1 (SYSV), dynamically linked, BuildID[sha1]=742446e2a3344da232465dc33f9c32e92f3bea0b, stripped
portmaster.7z	lib/libwavpack.so.1	330384	0669230435538a29b0c0d7f0f8498b6c2ea2bf171112ccaf6e7b2afb2a2a00ab	elf-shared	aarch64	ui-python-runtime	review	ELF 64-bit LSB shared object, ARM aarch64, version 1 (SYSV), dynamically linked, BuildID[sha1]=a13db9e365af4eeb3e7bb1d2d9cc4213966635f9, stripped
portmaster.7z	lib/libwebp.so.1.0.3	658072	43634317b8289442034e916b472bc9cac54539e99601d9f62d95321070643351	elf-shared	aarch64	ui-python-runtime	review	ELF 64-bit LSB shared object, ARM aarch64, version 1 (SYSV), dynamically linked, BuildID[sha1]=419689658b455f0b01ca74ce9969c1eb6a20204a, stripped
portmaster.7z	lib/libwebpdemux.so.2.6.0	265208	740eda82dfe9077fde1b0190aa5ddfd5b292334185cb91ae573135f01bb41d8c	elf-shared	aarch64	ui-python-runtime	review	ELF 64-bit LSB shared object, ARM aarch64, version 1 (SYSV), dynamically linked, BuildID[sha1]=f8556b5b90951e8698cdb9820dd54224fe250f83, stripped
portmaster.7z	lib/libxmp.so.4	592472	d91ce95aa684df5ecd1fce8efdabd2082635fd6e5faa34580e54abac61902012	elf-shared	aarch64	ui-python-runtime	review	ELF 64-bit LSB shared object, ARM aarch64, version 1 (SYSV), dynamically linked, BuildID[sha1]=ee86b8038b9d9f7cffc3326ed84f3fc9d9fedf18, stripped
portmaster.7z	lib/python3.10/cgi.py	34158	b208c13a47207cdcf3633bd5fe305ee1c29ea4751ea6855a4ace859b9270a2bb	script	script	ui-python-runtime	build-cpython-runtime	POSIX shell script text executable, ASCII text
portmaster.7z	lib/python3.10/config-3.10-aarch64-linux-gnu/install-sh	15368	618b9afe95659e12966f090232b2e713946f1c162915c8385dfff71f34eacd58	script	script	ui-python-runtime	build-cpython-runtime	POSIX shell script text executable, ASCII text
portmaster.7z	lib/python3.10/config-3.10-aarch64-linux-gnu/makesetup	7929	89194a8c315d3efffe135b2e1d81cee5d3b74d42e44175f7f752c7b03adca7e2	script	script	ui-python-runtime	build-cpython-runtime	POSIX shell script text executable, ASCII text
portmaster.7z	lib/python3.10/config-3.10-aarch64-linux-gnu/python-config.py	2100	0b8f76f79c549a731624ccc9e5557956d7e515cfe556666ceff0757d6612bc88	script	script	ui-python-runtime	build-cpython-runtime	POSIX shell script text executable, ASCII text
portmaster.7z	lib/python3.10/config-3.10-aarch64-linux-gnu/python.o	3432	141ec6806a242732643eac9947b5a4356724186a1674242fba724a39ff5f5fe7	elf-object	aarch64	ui-python-runtime	build-cpython-runtime	ELF 64-bit LSB relocatable, ARM aarch64, version 1 (SYSV), stripped
portmaster.7z	lib/python3.10/ctypes/macholib/fetch_macholib	84	a9f6faacdb1aa00ac2f68043cd445171de9639a732b861bd5e64090a2865ab23	script	script	ui-python-runtime	build-cpython-runtime	POSIX shell script text executable, ASCII text
portmaster.7z	lib/python3.10/lib-dynload/_crypt.cpython-310-aarch64-linux-gnu.so	10320	ee06f227588403a71cbd4228957307987eac4abf48beec9973c8ebc112c95f46	elf-shared	aarch64	ui-python-runtime	build-cpython-runtime	ELF 64-bit LSB shared object, ARM aarch64, version 1 (SYSV), dynamically linked, BuildID[sha1]=8b6d8bbbea35d89364ea9c9618dc166cc5cbc68a, stripped
portmaster.7z	lib/python3.10/lib-dynload/_testclinic.cpython-310-aarch64-linux-gnu.so	49880	197649b4dff7f77ce752750048cda51117e78809a25927471ce760fa9359402d	elf-shared	aarch64	ui-python-runtime	build-cpython-runtime	ELF 64-bit LSB shared object, ARM aarch64, version 1 (SYSV), dynamically linked, BuildID[sha1]=f54a22b4f607040c147db5ba8ef9928485b00df9, stripped
portmaster.7z	lib/sdl2dll/dll/libSDL2-2.0.so	2387072	e54f830c6259ee5146a5b719ee4ea00d234c3f91b2791c1643e1e2f3de1d63dd	elf-shared	aarch64	ui-python-runtime	fetch-pysdl2-dll-or-build-sdl-stack	ELF 64-bit LSB shared object, ARM aarch64, version 1 (SYSV), dynamically linked, BuildID[sha1]=19b8b3ec3b995cbd7d4accde673fb889e29acf06, stripped
portmaster.7z	lib/sdl2dll/dll/libSDL2_gfx-1.0.so	201552	b7f6000e8f985b9f71a8432a6189ec618e4860406dc33934ce47ee6c23352d72	elf-shared	aarch64	ui-python-runtime	fetch-pysdl2-dll-or-build-sdl-stack	ELF 64-bit LSB shared object, ARM aarch64, version 1 (SYSV), dynamically linked, BuildID[sha1]=4732b3f2aa1dcf854dcac9734f6d365a76b153f9, stripped
portmaster.7z	lib/sdl2dll/dll/libSDL2_image-2.0.so	330376	ac2464343c958d08f86377f06f83e04839ceb7b202e728e6c7b452f8c781bd43	elf-shared	aarch64	ui-python-runtime	fetch-pysdl2-dll-or-build-sdl-stack	ELF 64-bit LSB shared object, ARM aarch64, version 1 (SYSV), dynamically linked, BuildID[sha1]=9f3b45edb562296ff9a314489f671d72820a4995, stripped
portmaster.7z	lib/sdl2dll/dll/libSDL2_mixer-2.0.so	464312	def4985c80882d2694853530a951561380fb2403f4649964ad8431320d8bf802	elf-shared	aarch64	ui-python-runtime	fetch-pysdl2-dll-or-build-sdl-stack	ELF 64-bit LSB shared object, ARM aarch64, version 1 (SYSV), dynamically linked, BuildID[sha1]=e571dabcf5b7a55b29650eb067fd281f452f91b1, stripped
portmaster.7z	lib/sdl2dll/dll/libSDL2_ttf-2.0.so	2171992	ae4b3335010ed8642382c8d850102dfeff2ff6321e2d02d2c62615c52c3d2ec0	elf-shared	aarch64	ui-python-runtime	fetch-pysdl2-dll-or-build-sdl-stack	ELF 64-bit LSB shared object, ARM aarch64, version 1 (SYSV), dynamically linked, BuildID[sha1]=a36b87d0c805e623e6fc5daf7ce4935bbb466924, stripped
portmaster.7z	lib/sdl2dll/dll/libavif.so.16	264992	af7dd704f1d562b382c64c0cdeed4621a525452c7fd0716f1b0771a02426e9b0	elf-shared	aarch64	ui-python-runtime	fetch-pysdl2-dll-or-build-sdl-stack	ELF 64-bit LSB shared object, ARM aarch64, version 1 (SYSV), dynamically linked, BuildID[sha1]=e3a2f169b44593e0f26a03e4e3737dbf4226585b, stripped
portmaster.7z	lib/sdl2dll/dll/libdav1d.so.6	922920	95bd972df4ece2f141b84963283a40171d71d72be5224de1018c62d463d4e5fe	elf-shared	aarch64	ui-python-runtime	fetch-pysdl2-dll-or-build-sdl-stack	ELF 64-bit LSB shared object, ARM aarch64, version 1 (SYSV), dynamically linked, BuildID[sha1]=5e07c3db5adfac88d8c48b94935eea98e159161f, stripped
portmaster.7z	lib/sdl2dll/dll/libgme.so.0	395536	cc471ee979d98dc185be87801b7eaff24dc19a02cb6312b575ac5df59df6a47c	elf-shared	aarch64	ui-python-runtime	fetch-pysdl2-dll-or-build-sdl-stack	ELF 64-bit LSB shared object, ARM aarch64, version 1 (SYSV), dynamically linked, BuildID[sha1]=de483bb3dd4010c6e73bf8589e2f8db2261c4087, stripped
portmaster.7z	lib/sdl2dll/dll/libogg.so.0	198936	6c333116f097d9c612276b897e1f99516c3234c6a3e00b88b5860fd94d2e56a0	elf-shared	aarch64	ui-python-runtime	fetch-pysdl2-dll-or-build-sdl-stack	ELF 64-bit LSB shared object, ARM aarch64, version 1 (SYSV), dynamically linked, BuildID[sha1]=ae59fe4abf4eb99f039740732f7002842c9a6037, stripped
portmaster.7z	lib/sdl2dll/dll/libopus.so.0	592296	cf93ef3ebdc9a34c99e86d3b7192bf05631753e057e8a0d90021d38718abd722	elf-shared	aarch64	ui-python-runtime	fetch-pysdl2-dll-or-build-sdl-stack	ELF 64-bit LSB shared object, ARM aarch64, version 1 (SYSV), dynamically linked, BuildID[sha1]=b6da0fa01b1cf412db51bae70be5f70a2a738088, stripped
portmaster.7z	lib/sdl2dll/dll/libopusfile.so.0	199136	ff7e778b7581ecf8756d0fdd71091eb17322c1ec14c54377fb22c7342cfff0b4	elf-shared	aarch64	ui-python-runtime	fetch-pysdl2-dll-or-build-sdl-stack	ELF 64-bit LSB shared object, ARM aarch64, version 1 (SYSV), dynamically linked, BuildID[sha1]=8cd040503639ce0a7beec716bf71c5fb2773a3bb, stripped
portmaster.7z	lib/sdl2dll/dll/libtiff.so.5	595168	610e6b05df7fa00d6f4a7f6c466feb2f76d1cd21ee0871ff5335bba2a374eca0	elf-shared	aarch64	ui-python-runtime	fetch-pysdl2-dll-or-build-sdl-stack	ELF 64-bit LSB shared object, ARM aarch64, version 1 (SYSV), dynamically linked, BuildID[sha1]=742446e2a3344da232465dc33f9c32e92f3bea0b, stripped
portmaster.7z	lib/sdl2dll/dll/libwavpack.so.1	330384	0669230435538a29b0c0d7f0f8498b6c2ea2bf171112ccaf6e7b2afb2a2a00ab	elf-shared	aarch64	ui-python-runtime	fetch-pysdl2-dll-or-build-sdl-stack	ELF 64-bit LSB shared object, ARM aarch64, version 1 (SYSV), dynamically linked, BuildID[sha1]=a13db9e365af4eeb3e7bb1d2d9cc4213966635f9, stripped
portmaster.7z	lib/sdl2dll/dll/libwebp.so.1.0.3	658072	43634317b8289442034e916b472bc9cac54539e99601d9f62d95321070643351	elf-shared	aarch64	ui-python-runtime	fetch-pysdl2-dll-or-build-sdl-stack	ELF 64-bit LSB shared object, ARM aarch64, version 1 (SYSV), dynamically linked, BuildID[sha1]=419689658b455f0b01ca74ce9969c1eb6a20204a, stripped
portmaster.7z	lib/sdl2dll/dll/libwebpdemux.so.2.6.0	265208	740eda82dfe9077fde1b0190aa5ddfd5b292334185cb91ae573135f01bb41d8c	elf-shared	aarch64	ui-python-runtime	fetch-pysdl2-dll-or-build-sdl-stack	ELF 64-bit LSB shared object, ARM aarch64, version 1 (SYSV), dynamically linked, BuildID[sha1]=f8556b5b90951e8698cdb9820dd54224fe250f83, stripped
portmaster.7z	lib/sdl2dll/dll/libxmp.so.4	592472	d91ce95aa684df5ecd1fce8efdabd2082635fd6e5faa34580e54abac61902012	elf-shared	aarch64	ui-python-runtime	fetch-pysdl2-dll-or-build-sdl-stack	ELF 64-bit LSB shared object, ARM aarch64, version 1 (SYSV), dynamically linked, BuildID[sha1]=ee86b8038b9d9f7cffc3326ed84f3fc9d9fedf18, stripped
portmaster.7z	lib/tk8.6/demos/browse	1758	9034326fa34cbd5f041ed8f8e7a340012a7b3420546d504bdb5397b4945baf29	script	script	ui-python-runtime	review	POSIX shell script text executable, ASCII text
portmaster.7z	lib/tk8.6/demos/hello	512	b8c8aa005fb7f5352617947f2190866dc1d1cbfc243722fa7d5ce7485fe6ed05	script	script	ui-python-runtime	review	POSIX shell script text executable, ASCII text
portmaster.7z	lib/tk8.6/demos/ixset	8075	907db1641dc6f475b05de9d9d85ba75e02a145735f441cdac24b575c7a4796fa	script	script	ui-python-runtime	review	POSIX shell script text executable, ASCII text
portmaster.7z	lib/tk8.6/demos/rmt	5319	a15f26315aa45434731bb3a53a586bce3aaf5a040c13063549ea30533434e01f	script	script	ui-python-runtime	review	POSIX shell script text executable, ASCII text
portmaster.7z	lib/tk8.6/demos/rolodex	8303	376898a6a9a6cc43ebf6974ba0ee4a196ce18c501ee330dbc16b76614d733b99	script	script	ui-python-runtime	review	POSIX shell script text executable, ASCII text, with very long lines (399)
portmaster.7z	lib/tk8.6/demos/tcolor	11253	6b73d255fa8a2c5a9c94837365acd3ed3df6e51cdebd37a0b335494fc0039c99	script	script	ui-python-runtime	review	POSIX shell script text executable, ASCII text
portmaster.7z	lib/tk8.6/demos/timer	1095	a4800affbe0ca9684cbba731e3dabbb823c0347506d62bdab31e4ac3e9f6d42a	script	script	ui-python-runtime	review	POSIX shell script text executable, ASCII text
portmaster.7z	lib/tk8.6/demos/widget	24064	032901bb6086f51aed6a89cbad910f6787cd55ec8cbbd03f37d0ba217adf9bf9	script	script	ui-python-runtime	review	POSIX shell script text executable, ASCII text
portmaster.7z	site-packages/sdl2dll/dll/libSDL2-2.0.so	2387072	e54f830c6259ee5146a5b719ee4ea00d234c3f91b2791c1643e1e2f3de1d63dd	elf-shared	aarch64	ui-python-runtime	fetch-pysdl2-dll-or-build-sdl-stack	ELF 64-bit LSB shared object, ARM aarch64, version 1 (SYSV), dynamically linked, BuildID[sha1]=19b8b3ec3b995cbd7d4accde673fb889e29acf06, stripped
portmaster.7z	site-packages/sdl2dll/dll/libSDL2_gfx-1.0.so	201552	b7f6000e8f985b9f71a8432a6189ec618e4860406dc33934ce47ee6c23352d72	elf-shared	aarch64	ui-python-runtime	fetch-pysdl2-dll-or-build-sdl-stack	ELF 64-bit LSB shared object, ARM aarch64, version 1 (SYSV), dynamically linked, BuildID[sha1]=4732b3f2aa1dcf854dcac9734f6d365a76b153f9, stripped
portmaster.7z	site-packages/sdl2dll/dll/libSDL2_image-2.0.so	330376	ac2464343c958d08f86377f06f83e04839ceb7b202e728e6c7b452f8c781bd43	elf-shared	aarch64	ui-python-runtime	fetch-pysdl2-dll-or-build-sdl-stack	ELF 64-bit LSB shared object, ARM aarch64, version 1 (SYSV), dynamically linked, BuildID[sha1]=9f3b45edb562296ff9a314489f671d72820a4995, stripped
portmaster.7z	site-packages/sdl2dll/dll/libSDL2_mixer-2.0.so	464312	def4985c80882d2694853530a951561380fb2403f4649964ad8431320d8bf802	elf-shared	aarch64	ui-python-runtime	fetch-pysdl2-dll-or-build-sdl-stack	ELF 64-bit LSB shared object, ARM aarch64, version 1 (SYSV), dynamically linked, BuildID[sha1]=e571dabcf5b7a55b29650eb067fd281f452f91b1, stripped
portmaster.7z	site-packages/sdl2dll/dll/libSDL2_ttf-2.0.so	2171992	ae4b3335010ed8642382c8d850102dfeff2ff6321e2d02d2c62615c52c3d2ec0	elf-shared	aarch64	ui-python-runtime	fetch-pysdl2-dll-or-build-sdl-stack	ELF 64-bit LSB shared object, ARM aarch64, version 1 (SYSV), dynamically linked, BuildID[sha1]=a36b87d0c805e623e6fc5daf7ce4935bbb466924, stripped
portmaster.7z	site-packages/sdl2dll/dll/libavif.so.16	264992	af7dd704f1d562b382c64c0cdeed4621a525452c7fd0716f1b0771a02426e9b0	elf-shared	aarch64	ui-python-runtime	fetch-pysdl2-dll-or-build-sdl-stack	ELF 64-bit LSB shared object, ARM aarch64, version 1 (SYSV), dynamically linked, BuildID[sha1]=e3a2f169b44593e0f26a03e4e3737dbf4226585b, stripped
portmaster.7z	site-packages/sdl2dll/dll/libdav1d.so.6	922920	95bd972df4ece2f141b84963283a40171d71d72be5224de1018c62d463d4e5fe	elf-shared	aarch64	ui-python-runtime	fetch-pysdl2-dll-or-build-sdl-stack	ELF 64-bit LSB shared object, ARM aarch64, version 1 (SYSV), dynamically linked, BuildID[sha1]=5e07c3db5adfac88d8c48b94935eea98e159161f, stripped
portmaster.7z	site-packages/sdl2dll/dll/libgme.so.0	395536	cc471ee979d98dc185be87801b7eaff24dc19a02cb6312b575ac5df59df6a47c	elf-shared	aarch64	ui-python-runtime	fetch-pysdl2-dll-or-build-sdl-stack	ELF 64-bit LSB shared object, ARM aarch64, version 1 (SYSV), dynamically linked, BuildID[sha1]=de483bb3dd4010c6e73bf8589e2f8db2261c4087, stripped
portmaster.7z	site-packages/sdl2dll/dll/libogg.so.0	198936	6c333116f097d9c612276b897e1f99516c3234c6a3e00b88b5860fd94d2e56a0	elf-shared	aarch64	ui-python-runtime	fetch-pysdl2-dll-or-build-sdl-stack	ELF 64-bit LSB shared object, ARM aarch64, version 1 (SYSV), dynamically linked, BuildID[sha1]=ae59fe4abf4eb99f039740732f7002842c9a6037, stripped
portmaster.7z	site-packages/sdl2dll/dll/libopus.so.0	592296	cf93ef3ebdc9a34c99e86d3b7192bf05631753e057e8a0d90021d38718abd722	elf-shared	aarch64	ui-python-runtime	fetch-pysdl2-dll-or-build-sdl-stack	ELF 64-bit LSB shared object, ARM aarch64, version 1 (SYSV), dynamically linked, BuildID[sha1]=b6da0fa01b1cf412db51bae70be5f70a2a738088, stripped
portmaster.7z	site-packages/sdl2dll/dll/libopusfile.so.0	199136	ff7e778b7581ecf8756d0fdd71091eb17322c1ec14c54377fb22c7342cfff0b4	elf-shared	aarch64	ui-python-runtime	fetch-pysdl2-dll-or-build-sdl-stack	ELF 64-bit LSB shared object, ARM aarch64, version 1 (SYSV), dynamically linked, BuildID[sha1]=8cd040503639ce0a7beec716bf71c5fb2773a3bb, stripped
portmaster.7z	site-packages/sdl2dll/dll/libtiff.so.5	595168	610e6b05df7fa00d6f4a7f6c466feb2f76d1cd21ee0871ff5335bba2a374eca0	elf-shared	aarch64	ui-python-runtime	fetch-pysdl2-dll-or-build-sdl-stack	ELF 64-bit LSB shared object, ARM aarch64, version 1 (SYSV), dynamically linked, BuildID[sha1]=742446e2a3344da232465dc33f9c32e92f3bea0b, stripped
portmaster.7z	site-packages/sdl2dll/dll/libwavpack.so.1	330384	0669230435538a29b0c0d7f0f8498b6c2ea2bf171112ccaf6e7b2afb2a2a00ab	elf-shared	aarch64	ui-python-runtime	fetch-pysdl2-dll-or-build-sdl-stack	ELF 64-bit LSB shared object, ARM aarch64, version 1 (SYSV), dynamically linked, BuildID[sha1]=a13db9e365af4eeb3e7bb1d2d9cc4213966635f9, stripped
portmaster.7z	site-packages/sdl2dll/dll/libwebp.so.1.0.3	658072	43634317b8289442034e916b472bc9cac54539e99601d9f62d95321070643351	elf-shared	aarch64	ui-python-runtime	fetch-pysdl2-dll-or-build-sdl-stack	ELF 64-bit LSB shared object, ARM aarch64, version 1 (SYSV), dynamically linked, BuildID[sha1]=419689658b455f0b01ca74ce9969c1eb6a20204a, stripped
portmaster.7z	site-packages/sdl2dll/dll/libwebpdemux.so.2.6.0	265208	740eda82dfe9077fde1b0190aa5ddfd5b292334185cb91ae573135f01bb41d8c	elf-shared	aarch64	ui-python-runtime	fetch-pysdl2-dll-or-build-sdl-stack	ELF 64-bit LSB shared object, ARM aarch64, version 1 (SYSV), dynamically linked, BuildID[sha1]=f8556b5b90951e8698cdb9820dd54224fe250f83, stripped
portmaster.7z	site-packages/sdl2dll/dll/libxmp.so.4	592472	d91ce95aa684df5ecd1fce8efdabd2082635fd6e5faa34580e54abac61902012	elf-shared	aarch64	ui-python-runtime	fetch-pysdl2-dll-or-build-sdl-stack	ELF 64-bit LSB shared object, ARM aarch64, version 1 (SYSV), dynamically linked, BuildID[sha1]=ee86b8038b9d9f7cffc3326ed84f3fc9d9fedf18, stripped
pillow-11.2.1-cp310-cp310-manylinux_2_28_aarch64.whl	pillow_offline/wheel/PIL/_imaging.cpython-310-aarch64-linux-gnu.so	3484473	38b3f22e04b667e9d42ca493e5e161858c02b91bff9fc06412f1a814ae7ef853	elf-shared	aarch64	pillow-offline-wheel	fetch-or-build-pillow-wheel	ELF 64-bit LSB shared object, ARM aarch64, version 1 (SYSV), dynamically linked, BuildID[sha1]=da8e1165e8e47538e7da1ffae42eb78327a9143f, with debug_info, not stripped
pillow-11.2.1-cp310-cp310-manylinux_2_28_aarch64.whl	pillow_offline/wheel/PIL/_imagingcms.cpython-310-aarch64-linux-gnu.so	395329	1576266a2224908f18498ca7c4efd42585340678851cc693f5ca9689684fc396	elf-shared	aarch64	pillow-offline-wheel	fetch-or-build-pillow-wheel	ELF 64-bit LSB shared object, ARM aarch64, version 1 (SYSV), dynamically linked, BuildID[sha1]=112dbc12e265744393662911d979417a5331bd27, with debug_info, not stripped
pillow-11.2.1-cp310-cp310-manylinux_2_28_aarch64.whl	pillow_offline/wheel/PIL/_imagingft.cpython-310-aarch64-linux-gnu.so	527657	e8bf56fbeba0fd66a56bbe062f7c70bea81094bcca1c40ef1a179b0c0cbab2f7	elf-shared	aarch64	pillow-offline-wheel	fetch-or-build-pillow-wheel	ELF 64-bit LSB shared object, ARM aarch64, version 1 (SYSV), dynamically linked, BuildID[sha1]=20a112f2ae1259aae0cb0f35b8a114ab07b96f8f, with debug_info, not stripped
pillow-11.2.1-cp310-cp310-manylinux_2_28_aarch64.whl	pillow_offline/wheel/PIL/_imagingmath.cpython-310-aarch64-linux-gnu.so	330088	59f91c7d85398109fa4f0a3d0bebe2583a1df6784028957fd66c23c888ced343	elf-shared	aarch64	pillow-offline-wheel	fetch-or-build-pillow-wheel	ELF 64-bit LSB shared object, ARM aarch64, version 1 (SYSV), dynamically linked, BuildID[sha1]=7a51842fbba27ba642f4b705a82727f8f7d2718d, with debug_info, not stripped
pillow-11.2.1-cp310-cp310-manylinux_2_28_aarch64.whl	pillow_offline/wheel/PIL/_imagingmorph.cpython-310-aarch64-linux-gnu.so	221160	98f593364fc8b021a5bd25f51133cd4192cbb6b4a69026cf28174f3a9c9ae5dd	elf-shared	aarch64	pillow-offline-wheel	fetch-or-build-pillow-wheel	ELF 64-bit LSB shared object, ARM aarch64, version 1 (SYSV), dynamically linked, BuildID[sha1]=ca00c65ec1bf048d9f62e148c4942faa684fb21b, with debug_info, not stripped
pillow-11.2.1-cp310-cp310-manylinux_2_28_aarch64.whl	pillow_offline/wheel/PIL/_imagingtk.cpython-310-aarch64-linux-gnu.so	232368	9a80b2790b2c44d54df16cb32de3ba833255a758b97df56447f68c20eeb040e2	elf-shared	aarch64	pillow-offline-wheel	fetch-or-build-pillow-wheel	ELF 64-bit LSB shared object, ARM aarch64, version 1 (SYSV), dynamically linked, BuildID[sha1]=3185815a5917fa71480fc917f2f82000926e1508, with debug_info, not stripped
pillow-11.2.1-cp310-cp310-manylinux_2_28_aarch64.whl	pillow_offline/wheel/PIL/_webp.cpython-310-aarch64-linux-gnu.so	329937	f473db2eb3e5d86d88ea2ba632bfee3af643e3c36a3a6ea71b4d99838a4910c4	elf-shared	aarch64	pillow-offline-wheel	fetch-or-build-pillow-wheel	ELF 64-bit LSB shared object, ARM aarch64, version 1 (SYSV), dynamically linked, BuildID[sha1]=de666ddbf9b07e6a8020be0ef537cccb4af6ce5e, with debug_info, not stripped
pillow-11.2.1-cp310-cp310-manylinux_2_28_aarch64.whl	pillow_offline/wheel/pillow.libs/libXau-7926f62a.so.6.0.0	132921	c7088cf9b8e8043b951c8cdcef1c2a1707d7952546e8d142545d5db5abd5a92b	elf-shared	aarch64	pillow-offline-wheel	fetch-or-build-pillow-wheel	ELF 64-bit LSB shared object, ARM aarch64, version 1 (SYSV), dynamically linked, BuildID[sha1]=bee7c3acbbad5c825a3bb5e18fdc25c863b62445, stripped
pillow-11.2.1-cp310-cp310-manylinux_2_28_aarch64.whl	pillow_offline/wheel/pillow.libs/libbrotlicommon-ebb23db5.so.1.1.0	328825	ca6f08c799e1cc47def0878d74ba5bc5b40d88c875bb6f52c1a28b035179d5d4	elf-shared	aarch64	pillow-offline-wheel	fetch-or-build-pillow-wheel	ELF 64-bit LSB shared object, ARM aarch64, version 1 (SYSV), dynamically linked, BuildID[sha1]=9f56d0faf1fe3e9b116f891e0c0fad16c5818795, stripped
pillow-11.2.1-cp310-cp310-manylinux_2_28_aarch64.whl	pillow_offline/wheel/pillow.libs/libbrotlidec-c4779d1c.so.1.1.0	328569	13f1af371f60a4cf72cb3184a75e86757a8f9c8af7ab808f76ba6feac8ff17b7	elf-shared	aarch64	pillow-offline-wheel	fetch-or-build-pillow-wheel	ELF 64-bit LSB shared object, ARM aarch64, version 1 (SYSV), dynamically linked, BuildID[sha1]=7f04ddd4d222365e3ea3214ae7c5d72d7f55aa60, stripped
pillow-11.2.1-cp310-cp310-manylinux_2_28_aarch64.whl	pillow_offline/wheel/pillow.libs/libfreetype-8b368f3e.so.6.20.2	1709329	99cdc7436a6f20296e86367d2624662e2837e15da8e5fdd81487942d015506a8	elf-shared	aarch64	pillow-offline-wheel	fetch-or-build-pillow-wheel	ELF 64-bit LSB shared object, ARM aarch64, version 1 (SYSV), dynamically linked, BuildID[sha1]=77a8dfcbc958468c2de555d4f8e3a54c15972ff3, with debug_info, not stripped
pillow-11.2.1-cp310-cp310-manylinux_2_28_aarch64.whl	pillow_offline/wheel/pillow.libs/libharfbuzz-f1d4aacb.so.0.61101.0	1849977	4c32d4e1a8692458dbcf51f88e2d9827c1f6675761728be84eb7c1e443f4c8b6	elf-shared	aarch64	pillow-offline-wheel	fetch-or-build-pillow-wheel	ELF 64-bit LSB shared object, ARM aarch64, version 1 (SYSV), dynamically linked, BuildID[sha1]=d1bfc26494e33d458896bb1cb028b0213c8ba237, stripped
pillow-11.2.1-cp310-cp310-manylinux_2_28_aarch64.whl	pillow_offline/wheel/pillow.libs/libjpeg-193793f3.so.62.4.0	922297	e0ac8bfdb5bcb79c2bfa9f81be846f9c3cd8dda18d89fca6796e7f5134f5e4a3	elf-shared	aarch64	pillow-offline-wheel	fetch-or-build-pillow-wheel	ELF 64-bit LSB shared object, ARM aarch64, version 1 (SYSV), dynamically linked, BuildID[sha1]=c3cdf40436e8d779b55bc09e945afeab66d5775e, stripped
pillow-11.2.1-cp310-cp310-manylinux_2_28_aarch64.whl	pillow_offline/wheel/pillow.libs/liblcms2-b4980562.so.2.0.17	666497	33b1660e359fae859c70cb29653f22a81195a1ccd32800806e42a42494e16dcf	elf-shared	aarch64	pillow-offline-wheel	fetch-or-build-pillow-wheel	ELF 64-bit LSB shared object, ARM aarch64, version 1 (SYSV), dynamically linked, BuildID[sha1]=1c42b52e945ca72fc0385a8f262fd74e71a367a0, stripped
pillow-11.2.1-cp310-cp310-manylinux_2_28_aarch64.whl	pillow_offline/wheel/pillow.libs/liblzma-052a2d30.so.5.8.1	462921	546716f2e100f5468adabf795d163c8d4b27ba02f64cd0dd8feaccda79cb8c31	elf-shared	aarch64	pillow-offline-wheel	fetch-or-build-pillow-wheel	ELF 64-bit LSB shared object, ARM aarch64, version 1 (SYSV), dynamically linked, BuildID[sha1]=144aba8124d2bdd47c49967af769c84010bc58bd, stripped
pillow-11.2.1-cp310-cp310-manylinux_2_28_aarch64.whl	pillow_offline/wheel/pillow.libs/libopenjp2-df139187.so.2.5.3	794721	1edf6e6c287e60746ac059f3d6c206cda6d075419e7c5764aba7a6eadaed3174	elf-shared	aarch64	pillow-offline-wheel	fetch-or-build-pillow-wheel	ELF 64-bit LSB shared object, ARM aarch64, version 1 (SYSV), dynamically linked, BuildID[sha1]=02c6ed3f1bfe284ca400ea8be09d1706db1ec363, stripped
pillow-11.2.1-cp310-cp310-manylinux_2_28_aarch64.whl	pillow_offline/wheel/pillow.libs/libpng16-90455239.so.16.47.0	466409	cc624a0d8d57ae31c751486d54b939f0bd1c9aa21b41d3aa0e8235cc9e1603d8	elf-shared	aarch64	pillow-offline-wheel	fetch-or-build-pillow-wheel	ELF 64-bit LSB shared object, ARM aarch64, version 1 (SYSV), dynamically linked, BuildID[sha1]=ceefb0336fc3c5de126d75bf6e7842bcf52eff8a, stripped
pillow-11.2.1-cp310-cp310-manylinux_2_28_aarch64.whl	pillow_offline/wheel/pillow.libs/libsharpyuv-5b9eb445.so.0.1.1	263233	7f7f23666ec16418d0a570155bc5188753abc2cd6a01c3e4bda93590e08a0435	elf-shared	aarch64	pillow-offline-wheel	fetch-or-build-pillow-wheel	ELF 64-bit LSB shared object, ARM aarch64, version 1 (SYSV), dynamically linked, BuildID[sha1]=8416d84e5a5080db754324f7de8f79b9467628cd, stripped
pillow-11.2.1-cp310-cp310-manylinux_2_28_aarch64.whl	pillow_offline/wheel/pillow.libs/libtiff-81cdc4e2.so.6.1.0	987873	e0e9fe775f4769d49aa8c6f8eead7817f295e7f24d8ae7431e7f026c13c08aff	elf-shared	aarch64	pillow-offline-wheel	fetch-or-build-pillow-wheel	ELF 64-bit LSB shared object, ARM aarch64, version 1 (SYSV), dynamically linked, BuildID[sha1]=8c20f6d84969844ce05884f1598857b4011e82bd, stripped
pillow-11.2.1-cp310-cp310-manylinux_2_28_aarch64.whl	pillow_offline/wheel/pillow.libs/libwebp-61330dea.so.7.1.10	722969	d8ba99eca7870747d7c38a6eb84eeeaac0b04337336848440c8998dc5c862c85	elf-shared	aarch64	pillow-offline-wheel	fetch-or-build-pillow-wheel	ELF 64-bit LSB shared object, ARM aarch64, version 1 (SYSV), dynamically linked, BuildID[sha1]=2a124bc99849db77fff54424153dad5a2b9422eb, stripped
pillow-11.2.1-cp310-cp310-manylinux_2_28_aarch64.whl	pillow_offline/wheel/pillow.libs/libwebpdemux-87a48d1e.so.2.0.16	329257	b64a8973092ff63c41c0358f0fa102dbb381786cc8517321098b9ad618b5fb48	elf-shared	aarch64	pillow-offline-wheel	fetch-or-build-pillow-wheel	ELF 64-bit LSB shared object, ARM aarch64, version 1 (SYSV), dynamically linked, BuildID[sha1]=4a1bf1517203d6fbbdda2708b214e552c4382b09, stripped
pillow-11.2.1-cp310-cp310-manylinux_2_28_aarch64.whl	pillow_offline/wheel/pillow.libs/libwebpmux-14f7572b.so.3.1.1	328937	5b1b614aab51b152c7dadacc2cfb75be08cffdfb13e8a063b6d98e5d61c9e491	elf-shared	aarch64	pillow-offline-wheel	fetch-or-build-pillow-wheel	ELF 64-bit LSB shared object, ARM aarch64, version 1 (SYSV), dynamically linked, BuildID[sha1]=10ecaad1f73428402810f3685bded955f08ae86b, stripped
pillow-11.2.1-cp310-cp310-manylinux_2_28_aarch64.whl	pillow_offline/wheel/pillow.libs/libxcb-c83ec123.so.1.1.0	411185	957448c9f75c9e4e446a24fa2c84dbb0b5aea390f614a54948e6de45b1964868	elf-shared	aarch64	pillow-offline-wheel	fetch-or-build-pillow-wheel	ELF 64-bit LSB shared object, ARM aarch64, version 1 (SYSV), dynamically linked, BuildID[sha1]=d30e45707a0369d05bc51bd3e15c350e605572a5, stripped
